,0
0,6Km7e1uIoYU
1,gkRy67OCCpQ
2,H1PQj54u0As
3,b7OryQDDCsU
4,4auwnxsEDeI
5,UnffRY0btLQ
6,IC5vBKc21X8
7,vTWpddJiUXI
8,Z7UXVx30If0
9,pFW9zyaVF4U
10,IVJoISiw28c
11,9dGj5hAi0mE
12,glvYULuaf-k
13,pmVgs8wOk5o
14,SuN78CgBjLM
15,AZb1wLIQ1R4
16,Md2eYUuVHkE
17,2zXbRJty4vc
18,SFkm1rgy-_s
19,UIwsc4fOnRY
20,mvURH5KhFPk
21,felqbvOnUdc
22,Im-pBDFgJcA
23,nfveG736mnw
24,qqETipokc34
25,89YsDUb7SEk
26,KNUJbxhgaeY
27,y_buDt2Ne8c
28,m_DRlQUhmB8
29,RkQFYT1pmC0
30,n-scVQic3T4
31,I_DXRghJNrI
32,aQVoMfQK-5c
33,kOQG9bQUZCM
34,Mt5x8aR_Xec
35,jA2Hyi2VLME
36,Bo3M0QXirSY
37,jq4hI_JbJRo
38,og3AyqD5J_g
39,ziWA3MLlook
40,zMTYEWJZWwI
41,JJjSsZBC9T8
42,Zvv3v1_DkzE
43,_caQMy965rs
44,CHxpplpcIWE
45,TxKnV7_WnVE
46,GDdigOQ4qOY
47,s72FvmjrTw4
48,yit1hecSfJE
49,Yrl2oHO1Ywk
50,cSnaA7jkP2w
51,BkvfDYJlPQM
52,hrbPXlAz0IU
53,Sli95TS3jTI
54,-E2fBPf64pU
55,HDhBbLnlenE
56,oG7FlzKjjtw
57,Q6C7DTsrpms
58,imKuhYU5Gec
59,GYZa4FQsIn0
60,cZ8TupgzGgI
61,7OUitL7fR5Q
62,nEPF0MLQdak
63,1W8NyV0uljM
64,evYMYtaP-Fo
65,kZXv5uO9kO0
66,hZiovD-v2p8
67,q9Gj5EqJwuo
68,Xyjgr5nUqhM
69,0dH17q1XvHM
70,HExoVxt6k3Y
71,pxlB7vUdm3Y
72,B5GyKuljTd4
73,ZgpRWq15wgQ
74,0wDO0xHDrow
75,M3vZXlI9t9s
76,pAqKr6wlrfQ
77,UEru2FmL2dI
78,-tKwrzlEZjU
79,m_j7dDcBPZg
80,lTDbJiMXekw
81,hEyjcQAvr5o
82,OZu7Zxf_iRo
83,ChUfQkA0Phk
84,ozn9f78tgbQ
85,LRRfIIQm1LA
86,I7FqRn2BZHQ
87,wuJncbalhA4
88,W_-PRN6_nvg
89,UhNUdoFx-r4
90,SoOLzhkToXQ
91,EhOgZBMH8x8
92,nBXpx-wuYL0
93,iAlYNNMcIPo
94,KPHKgvOknNo
95,n8dn-PvVDM8
96,mVlr5sV1mq4
97,kIP_LcE9eqU
98,RTTjEQreUXQ
99,JEbPqL1kb7g
100,421IYpCetaA
101,nBEUVnDeI9c
102,2YgcTvVKijA
103,bBn5FRT2hPI
104,TblnhsAVtgc
105,VsQ4OuH-K1I
106,3OTVxzyMQPo
107,oWLYIrY_xqw
108,Y-vY49lDeKY
109,HTuSgkDlbSA
110,F1TklaUfKcM
111,ot01u7z7lJw
112,KzVLxrtcqwE
113,qEhNHOEa5sE
114,wuwJ64mYwTg
115,e8NKbusx-Nc
116,CLC2vJ1NXzk
117,mvTOHLkXgf0
118,SgVVmUayH8w
119,LgmtAFN4haY
120,BsVQ_cBmEwg
121,Jun0hs6W0aw
122,2uYuWiICCM0
123,eCzc1WHrjx0
124,peR_ZBA353M
125,sQoYiGLYKTM
126,bi-jNpztQcw
127,rDjSD1vcsRI
128,8NZZSgtTelc
129,kk4YOpqCogg
130,flveJ5_-iFA
131,YiIKUhtqeRM
132,oQ7Le6SuLNA
133,hP0Rl5euD_o
134,XkS_MuVxXrE
135,8m1N2t-WANc
136,wUaeKEl1RCw
137,D9YyqinG_gA
138,y193EGxpX0E
139,wrByvLxJ4eY
140,R8WhXNULqbc
141,UAsoSAgN4jo
142,giNjEgYTd9E
143,1Rj_evBuLi4
144,c69Y2GpF6-U
145,Yv1h-QKt_KQ
146,eADCg1R5_sk
147,TScHu-37Cqw
148,tV7ZqcB9J3Y
149,oalVNvo2Ql8
150,YiqqAAvb16Q
151,kE93zNJBCBw
152,0od-lgAp46k
153,4r72b1ScPLY
154,dnT44N5kOPw
155,tJOJPealurs
156,nnAU1dLY7gY
157,37ly8tCGFWA
158,pCU7vicLCgA
159,jwOW-qlJtxg
160,-PVcUUj_ke4
161,weEDSjNYzv4
162,I7cMrCJzqQA
163,uMFa8I2PZB4
164,S1dWe3f2zm0
165,EBHOo-6xn4A
166,jcwTB9fBzP0
167,h84MlHv6g4Q
168,mP3BUKPdsbk
169,K4Kh5gw4PRE
170,SJPsOFfvEQA
171,VBCOx4CqBz0
172,o_iO9WuoWaM
173,uuRJ1aCj8Ro
174,HUkM37BeM3w
175,2utiA5v5rA4
176,gG0ynX_Sfx4
177,6TgRkb6B7v4
178,otYwi_wW9Hk
179,wFiVtqe1osM
180,7QiOVmXxPO4
181,4MsfBokJiSs
182,4GXpB9EMLWM
183,nCwQY8inRvU
184,Wsy7nhFnfbM
185,TOkU5HxES1o
186,CtTJRyilNdY
187,c2TxBrW-XUE
188,BxZKLKfjaRg
189,POPLF-Qc0OU
190,_NpnmQDrF4k
191,PlbupGCBV6w
192,lojnd83DwS8
193,2Ch0ycV1Wqo
194,jRhfKheFOdI
195,h6hgEL5JNjk
196,8KL4u1aqVyM
197,MuTj-y82VKE
198,9eqrhe2XMbA
199,sSOkwjo4n_E
200,tySbJxxZnOk
201,lc3Bxgmyca0
202,3yguILUiBAs
203,FHfZ5X7qn1I
204,yGn4aUGz3oM
205,BjC_aGk0NuI
206,P-0KW0KTuTc
207,9Wqqts-8gG0
208,mfbbKy1IaUY
209,fgMPBmkgDdc
210,gpQcq6TNaO8
211,BXewrtZoZTo
212,Ago-cm7WZQ8
213,VPlWPV51PfY
214,YdmdWrhpmKM
215,FbPEzsq80_w
216,do0T6M8NTFk
217,Ftd_AV4AcSc
218,iUryM6ydLW8
219,YblAhRamry8
220,GGaDSAMeopo
221,awo90L11sE0
222,Nr2RlNXyIuw
223,5N0bVkrk5RY
224,agFrMf1WTpc
225,vJEO57B05Sg
226,4GVACHXCTkw
227,apvIE8qWmgs
228,YSyFSnisip0
229,eYVGoXPq2RA
230,2ojkb44XObc
231,WDtDH2OSYIw
232,ZySsdm576wE
233,zKIV3A_aOkY
234,M8nlgBQBxxo
235,PEzuVWhwCgY
236,U5h97cFmj8I
237,JINE4D0Syqw
238,yEHCfRWz-EI
239,4PCrSva7V8s
240,oiZRUR20tk4
241,XDaQAmkDFX4
242,5DjqFI3SkYk
243,yaVDLocA45w
244,RP_tpeGx5Wg
245,OSM8aw8G1kk
246,M7_mZXh8h8A
247,u-YWtdbpEhQ
248,EcUnpJ6whlQ
249,BWsa6gOIRak
250,W5dEbsHrb9k
251,UDmJGvM-OUw
252,qj-V2Ep4coY
253,BKMyPj_4yfI
254,xYyINWcdGsQ
255,7LohmKA0HBI
256,u4kr7EFxAKk
257,2IsF7DEtVjg
258,7jNEqgY0kG0
259,LG42Fze-UH4
260,ir6jKZOt_UA
261,9XRAlr26nco
262,Z0sanChK41k
263,HdncPljx-BA
264,lHLgunAzYDY
265,dvFOMm6mBao
266,iTV89Tqfmgk
267,WSdn4rtE3fM
268,3xpMzjjaq3U
269,acHiHRJ-dVM
270,xJQlwaplSe0
271,-yBWyRGb_VQ
272,vaK9-2Z_R7Y
273,Borp-6FNY3s
274,MOcmWuTO5H8
275,I_Rvf7HC6sc
276,mioeN4nHkHA
277,15swdhNBgoU
278,YlGsZgYGvGE
279,hP0LCAebyss
280,KL1JxXemoQ4
281,NtlOIjWS5qQ
282,L7-ypj-eyVQ
283,FdOANJVIGko
284,tiJS4Ulpf0A
285,_sN7MhwlCng
286,U73hN4_6b_E
287,ty49_v1tV44
288,V2ELg6g1yjU
289,suQFxGt1G5E
290,UXWSYcDlDQ0
291,9BIbHDAyNIE
292,KZ0nPkf1zWs
293,v5hvuOnhIAg
294,LOlTvGh-NpI
295,k-lPuhURYSw
296,RBo4ZbOK9s8
297,pTE9V-SqZ-c
298,BaWekprpLX4
299,FmMryUS5ZX8
300,VuwTMJKt4Ew
301,ii3kYuPN2D0
302,0dnTNElroug
303,EwQBFopmEHI
304,9fzL5toS3Cc
305,QobsDJUGubc
306,Eor-iXU0xR0
307,KfILxYOmW1M
308,1Ja1M9VPI2U
309,hmklcXOZSco
310,vwFHt9DWy5w
311,CxB45ZgXReg
312,0iO5YiTuAKY
313,YVyg-T7bI6U
314,fZco4rlrBcU
315,N7kpoUyUR_4
316,XStuQ52OURo
317,64wYKS06S_w
318,cDQ34z0oqnQ
319,pcTS5I5kpEs
320,AIRWGg75vuk
321,tPeLYpSQ37k
322,98DiwRp-KZk
323,e4szT3VWrxI
324,fIvOZ27cvug
325,745W-dng3wk
326,px4W-HXRWKk
327,oTZd2vo3FQU
328,tVvBa0BylCo
329,X06TQOOBrhM
330,P8m65p0OrUM
331,BZi44GOD8kY
332,WbwIoQYP6no
333,U0WoNxcDfEE
334,g2b-NbR48Jo
335,If1Lw4pLLEo
336,OuBUUkQfBYM
337,i9o70PMqMGY
338,JR7-EdxDSf0
339,fjkelzWNSuA
340,35EQXmHKZYs
341,OTmQOjsl0eg
342,GGkFg52Ot5o
343,iT15mk4y1iw
344,teaeVbcT9BI
345,rqeO7wKBTRA
346,Mf_97YaUKag
347,JXBCw_4gwc0
348,6Q5OVCKufBU
349,ZqaE48iVpE0
350,-qS_SO_PWeY
351,ExTaxRmDnP8
352,iLhcV7t3zug
353,aVzqo-nkEiM
354,sU7_reASCAw
355,69YkZqZgz9s
356,7E1M1W9o7PA
357,nuW0o4-dSpo
358,d--mEqEUybA
359,90EBp9wkoYM
360,cHBn87eRFwo
361,Huk9tIRD_rQ
362,Tt3mgy2ECug
363,K8Uem148uOU
364,I6rkwJed-HY
365,QD4GlXtf-WU
366,_xBMAoDfydg
367,Kz-G6GnumsI
368,i2NHxjtW8yU
369,ViaywkR0_IQ
370,GNlIe5zvBeQ
371,4UMs7DxWn_Q
372,W3pl-BN9gM4
373,ykpuyNy5oUM
374,8cm1x4bC610
375,rIIzr5vtEv8
376,HjDYvSesxSc
377,VuETrwKYLTM
378,SIyxjRJ8VNY
379,8C_dQFUJuF8
380,3jkFAJU42ss
381,pU722vRd66A
382,YfO28Ihehbk
383,djRxq7Q7xBk
384,jUpyJhnXRFE
385,yNhV4ifFPb0
386,qRYyJq5p76I
387,WPPni-pufok
388,gHn2dOF8TuU
389,ToTn1925L0M
390,64Gm2oyIspE
391,mziIj4M_uwk
392,wBWiqssisuQ
393,Dyu08G2l71c
394,fUricKGJ7n0
395,RMYFl4iEUkU
396,yNzxXZfkLUA
397,MgeFKUGibm4
398,SpTAxH_Geow
399,38svC3U7hVo
400,5kcCzoLY6m0
401,7Sv4NmvdHcw
402,Fw9L54BvD2U
403,3_CYeEL9hwI
404,dW2Jit8ViGI
405,AHXo3XmQKAI
406,lB81CiQj21E
407,xejRz-YqHUo
408,6-F7nP1DwJs
409,Bwoo74NPmug
410,0qdSHR1D2E4
411,zaCJ0Kp3x3o
412,5xVs_BqC9-w
413,OVY2uZjGc2w
414,wfaKvQ0qY3E
415,NAixvKyTVik
416,2n-ScrqH2tg
417,LynjytfeY4U
418,plW-fvEi3zs
419,T7QsXzUXXOA
420,dyQ8YMyEMao
421,Ypo6JmlmRbI
422,LzRFPv4zGkU
423,bImcU42L9lM
424,qr14n0tTtmE
425,2VKeCZsRNZk
426,RRXyzHS6uoo
427,Yoa5baPv-1A
428,F_wvX22_Vhc
429,Lg4V7sQ27X0
430,vXNFEtLvu6k
431,-CkuF-BRlr4
432,G7FugJvHrmw
433,9HrB2biaDr8
434,-9aD7o4Cbis
435,sEI5bVDRgDM
436,uiqP0UEYWsc
437,Ioxuzw7VI0I
438,BV1veI8LGj0
439,suv1OnOtfY4
440,Ux2pQE49FCQ
441,JFnlvhG0OgY
442,R3b_JvFep_E
443,LFj4VWlpEQk
444,Y8_55cTh6L4
445,aCY1GyKVpBw
446,5NU6w5VhmMc
447,obrU4sevMu0
448,kU_ZtZhmmEU
449,pd58YVXXIo8
450,PaQNtfb2TX4
451,SZbQV57Y92I
452,2lC87M6jumA
453,guYMSP7JVTA
454,zkTnujtikq4
455,JrueEDITvb8
456,Q0oMC7n4HOY
457,i32p6HvYC1A
458,7Op6xdhXVHI
459,q5g-hpYSppk
460,bhOSK7TzZKQ
461,-c8WPIzzlwU
462,tQ1BJ3B8pSc
463,xiO08N8y7JQ
464,TjzOLLJpBig
465,uiHbJPZlT1k
466,1OVaxR6yKSI
467,Wba_ZvpaJkk
468,WmVEddplwbo
469,vPVx-zGFh0w
470,Xzk6fKuTe-U
471,K0Lzrytqt0U
472,vBFTQuLgnfg
473,WeIRHETbcLs
474,xUdjmZ2-fEU
475,qiSCMNBIP2g
476,3q0lhRD5PRY
477,udO6gSLXujU
478,PAUxi3f9HB0
479,UBLONzkmReE
480,AiiXLmqhndU
481,0pqLp51w7dw
482,mlD-tpyVs10
483,H58aj9TniFA
484,_CYqRMl3iL8
485,QADML0pyv3Y
486,GllEsl8kpak
487,r3Oc4IUP0XI
488,lThuZY0-S_8
489,fB41w3JcR7U
490,1U8TI16AR4s
491,vR5utJvN4JY
492,jmPgo2lyoLY
493,iRa26wbqCwo
494,U08iJitN2ao
495,s0IdE51JE80
496,rcNg9KsXuMc
497,WDEyt2VHpj4
498,SrT8-9I4WnE
499,28qOKx2JLuw
500,6AwfOJCZmVU
501,06Un2_F4Y0E
502,ZVrMoNQFFvI
503,nAWAnn9y8yw
504,AmlwZyd4ouM
505,eL0RGZ0GddE
506,2sPpuMclSQU
507,lwHxJAD_LJw
508,Dh7OyB5lJ08
509,zGG56ae5_GM
510,osOEz3SwyVk
511,5KjapFQNxUo
512,DIA0J4vJBHQ
513,Vca808JTbI8
514,3dpJrMtxYeo
515,OWQUBfWaxBw
516,HmF3yQ_nj5Q
517,-QbgVJR0_to
518,DE-ye0t0oxE
519,p-JoZ_UxwB8
520,9Eqlv3QyHmY
521,UldZOLylez4
522,ULNJSTSJc7s
523,Hrd3SfCCXZw
524,85kQIRkTdRQ
525,Wl7XGQcHgBc
526,vWX2eoi3bOc
527,I5xesmmiREU
528,8mkm2X8CMRE
529,_GxpmQ54aqg
530,uxWO8Sd8PoY
531,uDwSnnhl1Ng
532,iGWbnhLK4pg
533,WjRjRJv52d0
534,0BhSWyDEDC4
535,ECxZtt6n90E
536,aequTxAvQq4
537,YcNfGs9z-Gs
538,XMwaardhyLM
539,AH_GM9QUr24
540,GqHLztqy0PU
541,JxiEp_gvzVA
542,6SPDvPK38tw
543,Tus18vMeTLU
544,HzqSQ55dzWg
545,7ittJyh5yWE
546,CcTzTuIsoFk
547,gMq2o8VTDI0
548,9wd50TKv_OQ
549,1_TphuZNlTI
550,hIMSUqM8uhg
551,CuK0g8OFzwo
552,P1vH3Pfw6BI
553,6P-P879BcHQ
554,Cn7AkDb4pIU
555,b7JzgybKvys
556,hPTNnO7ZPzo
557,8XdnrUwiaf0
558,lVfGQOzzRCM
559,RSQjxL5WRNM
560,ic6wdPxcHc0
561,GXv4_m04-BA
562,D7jdPYnqL4Q
563,WIP3-woodlU
564,QXeEoD0pB3E
565,8O5kX73OkIY
566,Zqz3INOjnOU
567,gZwPdqC2Os0
568,7hjgRn-vfVQ
569,JCRpVwtVL4I
570,SHxSOFgMs9A
571,pzNISmtmzcY
572,n0O33m3rBE8
573,1RuMJ53CKds
574,kj850Y8y8FI
575,hYzwCsKGRrg
576,TqqQld6m6A0
577,yFY82leLSNs
578,_3gmobDVKzU
579,XkL3SUioNvo
580,gfhtaP5Wq7M
581,fsAzeNZXvkE
582,QYUbLevwgDQ
583,kB829ciAXo4
584,eci9iU_s6Ag
585,ijXMGpoMkhQ
586,uAd_jASNx4Y
587,BVfCWuca9nw
588,Blzp9iuhZqo
589,8sF85TyunQA
590,V_FyBX67qXc
591,NYPKbmE0H6E
592,8LlXhtfNZEQ
593,9c9qhIcB3NA
594,6a39OjkCN5I
595,k8SXsT5TLxQ
596,SBU1ll67R4A
597,yCZBnjF4_tU
598,0ZvaDa8eT5s
599,HZARImviDxg
600,PqFKRqpHrjw
601,4OX49nLNPEE
602,akcEaEH91gI
603,CymLEXKQlnE
604,q4xJk558YEk
605,EkYrfV7M1ks
606,PyfKCvHALj8
607,UAMMEmga0WI
608,AWAjbtWBzGs
609,v5MR5JnKcZI
610,gCCVsvgR2KU
611,_OZIAHg5i7M
612,4V14G5_CNGg
613,Mf7eFtbVxFM
614,Eaz5e6M8tL4
615,TqPzwenhMj0
616,DWgzHbglNIo
617,DKuFaR_HPBM
618,mbryl4MZJms
619,hEgO047GxaQ
620,HoZeJ7WPVXQ
621,hQyUwF2vaac
622,ora5jY7yIEw
623,2Wx1NZFBOME
624,XmAISyK2FsU
625,0ongdoMUzEA
626,LROheXuCwMY
627,5ljAk6zG-9Y
628,J8K9bEkfUVg
629,ugQAupn9XFU
630,_hN7dkwQDcY
631,Ph7xpSoexCc
632,PCG6Y7LoF1w
633,WTEGvLXxyOY
634,clOLPgnWNus
635,dVTh--j1suI
636,Ri54T4flnA8
637,preCXrKFISg
638,YywLS8XdxLQ
639,MbXJf9lwLpM
640,gtAgUdIRUdQ
641,ja2IYFg-KOg
642,n2rdR9vryZ8
643,IAOxw3ItEnk
644,uxrOX7gLsGw
645,nbn_tjHBRV8
646,W1NXZnmKcGM
647,HjXTSbXG1k8
648,JHuxEVYjbkk
649,nLbvzF1-vXY
650,3_AnXmsh90g
651,6kRI2u62_Es
652,vY6h0tzkLUw
653,1_vMEAvUDy4
654,Eqi-hYX50MI
655,7LsSmtxd8Ns
656,HkUHBhuVZxg
657,BiVwTFAXj3s
658,EklNxkf6wS8
659,0LvRQmLX5eQ
660,Ah-lGerupL0
661,mhrDVzj8pQM
662,uKoBbSp0J3Y
663,LlVcQhKGVbU
664,7Jiwpg9bwL0
665,PHmeJoxY_pg
666,jyiyrmsqyBk
667,NeB7kgiCXTU
668,Ch163VfHtvA
669,NQ7xKNULkTk
670,ji4SJYxv6GM
671,PQGaCngUvOo
672,EUlD6WoBdWA
673,md2AX8mJm_4
674,G-1EUkmOqhA
675,i1D1sGYdktE
676,s90mMu6vS38
677,O6DpXvlwWYg
678,HYXwIMZpBxk
679,45qHv6VqS50
680,TizqrTtiVCs
681,ASStMxg9C2E
682,B-2ETnYOM_Q
683,d_1vuKZdtBA
684,wHXmJh1JTkg
685,wIjJaw1-QXU
686,KFoN6hQ3yAs
687,eTax2KLlzpo
688,5UmuK-9m83w
689,X5urP793On8
690,gvfmkKRL-GU
691,YFT4cyxHw1k
692,oR2CVVjCsCA
693,p2LtGC5FsOk
694,E-vjIdzN3w0
695,XMZ_Mca0NO4
696,OLKlmaIXXzQ
697,REA5X7uVhHk
698,t4GstSJcD4Y
699,Swzy7cirX2U
700,UqQMSVfugFA
701,lhSx1HWaMDw
702,5Sz8z1Yreow
703,TMlXF1iW9rE
704,PssGHl743iQ
705,fGcKEFwIhhI
706,V7yVbG9_xkM
707,wHSzdVXIMEA
708,sZr8G7sYGzU
709,7m1Zmf_Z3B0
710,E2tYw6pEW6I
711,yY6XMBUCNYE
712,thqLx4zUeY0
713,LBuuAckXm7E
714,4VBdNbWeTZw
715,eIO9dNLkhDQ
716,5tLGwdyPGRY
717,K43qyHJXmWI
718,lJWhcmFv8s0
719,neOvVLpy918
720,VrLNbewZRCw
721,IPJYL18NCpw
722,_9R_in_7cT4
723,9EzGgz5th_s
724,RtbgKUpp-1c
725,UWC7Q2c736U
726,R9bfdRSZsOE
727,sDRhMnZBirw
728,fuDNAKStpq0
729,2HurrgxlTmg
730,iqp7NQCN2ck
731,qRCEdWQ0f4Q
732,T9fRL52TP_M
733,HD5IyaOgdPQ
734,lrIlVcsZrx0
735,1kkvalOcSog
736,z4V9m7Sv6mI
737,oAp4GYprVHM
738,3sMxJxeUOLg
739,kYzyXWmh37A
740,VJnSheKQc4U
741,OQbwl4XTkKw
742,EiuKnHNFwRU
743,_6ISkXSC1js
744,oAl0umTfW4U
745,rX9Vq-99szE
746,rn9h0TSftyw
747,yAXjE80zEgA
748,Pa0lUMWmmm0
749,wocR5kkgtvU
750,1KUQrCjbIZA
751,MZN0fV8Y-yE
752,D0GU-A8XNIA
753,KvuC72ZCEas
754,wty6OROO__8
755,EkacxN8gx08
756,9iHKCnxUWqQ
757,R7DlcnrXfYE
758,NrdGCk5Cwls
759,t3OwQNm15j0
760,Qu9RhxUYc5s
761,jaUi-_S6ROI
762,N5kNMAG7oMs
763,tioMkaGW8Is
764,23DjZA7AuOY
765,W98sn6oMtYw
766,nm6jkt_7dKw
767,8K1rt6v5mJ4
768,PvDoT79oHTs
769,BHDZVGKI8sU
770,vPUz6u12Z3o
771,HCeVSSF412E
772,jl8qkjhbywo
773,fwULtO8WPpw
774,fptlqsesjxY
775,anp7ovRVhTY
776,5-KthEsjV1I
777,2YigV1pndkY
778,tZxPqhkRLiw
779,AeqXFjCUcQM
780,SMIq13-FZSE
781,f_AZDdafncE
782,48uzKhtyEvI
783,M4Ql9DbKO6k
784,eODXdp1PXag
785,8R1ZK9m36Zc
786,jc1t0KFsOcs
787,-Ht7p2cL-Zk
788,kTseLY5e8i4
789,W2WQNtlToKM
790,WXmTxgDg52o
791,GnYIU5WmmsU
792,YbPCtALcVdo
793,otinfgwkMbY
794,PubQS8_6U4k
795,n4IUQxPN6vo
796,DX7hxAhBu-4
797,fIOlpioiuxM
798,5slXVbu_vig
799,W6vPLnoraqM
800,7wrN-Y6K9B4
801,ZLeTFBvegfY
802,WF5e7pgMKTk
803,0gLIja9-vPQ
804,ucuVbL-tsUY
805,5y5rrh99S0s
806,jtyk_2_f3d0
807,LvcNFmtks5k
808,oEftKX7YDQA
809,iVbgcByqFic
810,oYcb0N1YfVw
811,aVW_TGAGBe0
812,Ij5UVIoFxmg
813,1ImJPzW6Hhs
814,8ZPxJZvJ9Gg
815,13d-5brvC_U
816,5xDoo-PcZ7g
817,Okxk62geB_8
818,w1hEk64mmcY
819,xQ0PRa9Nh-s
820,JeBiZVAPXFM
821,Huwf0TgWrOw
822,b4AO8wB723Y
823,Xkb3LJVLNC0
824,Ft29HgsePfQ
825,_Lcj5_jdjUk
826,uE3gr2f_XV4
827,Bb1iY0ZRrDI
828,VFsBkTdzWvw
829,LkPlpSYIvT4
830,3sqOoWhiaLA
831,arvRevBeMNU
832,es6aCT7lPdk
833,tpvZKJMh8PI
834,HsQ9OwKA79s
835,eILy4p99ac8
836,qWTuj7zQOKU
837,NpCEjtKAa20
838,l5NrYIa_aG4
839,OVQK2zzb6U8
840,WfhRyz3Wf4o
841,WdncOs2FANQ
842,OdbBmvfThJY
843,8dir-t4y_QQ
844,vL3Yy4rtLjE
845,-1py3Dngk_c
846,BYSPXcZFnOE
847,vBshx-QrZSA
848,mUlmIjCtTKo
849,moj78gBA9_o
850,zjhWPRXfGJ0
851,Q2H1fLeR8oE
852,vVr8lQAOHhM
853,unInaChj_Uo
854,HYSrsxhyEik
855,gQLQ0t9B5yk
856,JZuJhepFVek
857,DnK3VFhDSRE
858,qODaFAT6at0
859,lBaYoGJmI5s
860,5Hn2yc2HWtY
861,MQTTkEsSKbI
862,ESm5AX1ZbSg
863,dSsETZv9_8k
864,N53A_bdbBXE
865,J8nUcQm3Gyg
866,svQKKg3aFzo
867,9_CJYK47d6M
868,m2huKyOZABA
869,9Kk1dGkpGPI
870,sT2Y9WZP8wI
871,QwxxvVSQhSs
872,6nQXlfjWmp0
873,Oti-1n55LXw
874,IFd7KvxROfo
875,JuFdz8f-cT4
876,TERMdBN4FxA
877,pCcchG73ADM
878,ennnQ664Fsk
879,tfzQXYIVzfk
880,sXfWz_v08uI
881,stW0gyeMgDI
882,Segb1V9ygiA
883,DWPN45AJA3k
884,dqJanLvjDqc
885,S3ACZh1Ik0c
886,Uc4zdMPvGsg
887,dTcMFAPYXKA
888,Hrj9CeKbmjU
889,bsPKHGsaI5Q
890,Mq4AbdNsFVw
891,qVTAB8Z2VmA
892,pqfCwFO5fwU
893,jSRJGuug5XM
894,hdMwP3I4t58
895,qLoKBagNplk
896,cMUjomjl7wQ
897,WUkYUDRsDss
898,UTEYWN64m-s
899,akiCZOVkQ_w
900,HTGj9ZxfiSA
901,4i4VshJ7kg8
902,Xiqfy0OpZnc
903,o1bty2jSHpg
904,8Z9WiwKXfqY
905,Xur17DQRLXw
906,ssPWDsSHpHQ
907,kH4pSAFSheU
908,dV5P8JVfiIc
909,jpp6yAEPB0Y
910,kvpvem7BLq0
911,XR3XueD8_yM
912,ssAt_qrQpi0
913,HZLr7XDW7ak
914,6RIJrnZI7jk
915,5rFOLyxjmOg
916,aKYKYOQYjI0
917,d39zxt6NWNk
918,vqY58JbLr-U
919,JzaKJNt4eXk
920,Org0vh-VSgA
921,RMe0v0JRuio
922,4tlsFbNLrl8
923,n0fdpvOdIbo
924,fr1K_0duf78
925,XOIC-aHyOag
926,FUqD6srpuPY
927,bDmXJLV-HmA
928,TrUGG0nENMo
929,Fh4chRUL5kE
930,AWM5cAipEp0
931,qaqKps5mNts
932,9XmGh4WgfSg
933,q_XZWtP6KQg
934,8TW9zbgQnKc
935,YuRjPUxvcek
936,e-gZc-mZqE8
937,4YF_DUMQqFA
938,NpveMP5869U
939,glX5Yx63_Vs
940,3C-e4dTvrSI
941,0isrdp5meyQ
942,gmjnAQZb1nQ
943,kzNBiFSsMRo
944,ctkAiIXyBmA
945,-DmzUlLqIfc
946,dU_sXNtBGdQ
947,1yTHs1pHRBo
948,wIvtB6X9UnU
949,rOCLUiIgmj8
950,7NXJ3dRhb2o
951,wIYDu1zIf9A
952,gUDKRdJbl3M
953,VxAN-HNINsQ
954,-v78JHznM7s
955,tyIOF-uxASg
956,IRHwy9tSLtM
957,HDBPmYFVQho
958,KG_58HBv0-M
959,QwehcGpZZSs
960,MuPa2N5iDk8
961,PysTtVcbX4E
962,xEeGGOezv30
963,A7Fk8qH28do
964,h9Oiek-hHxI
965,9T6ZF3jUX_w
966,RcIoRbkG68c
967,eQexq71-Okg
968,E05zaMRX8oI
969,0ESN58W7T_M
970,qCMRZJa5CRE
971,ardNq12nnQA
972,lacJpg6H0yU
973,DpZDULWkoRE
974,beqaLEvF5Cs
975,Qw23--Avew4
976,5PgkkqLx4w0
977,77nWCCyVcjc
978,iWOmN5m5-cA
979,X9yhltP5En8
980,XUDupRFg3Ug
981,F0bvE8HkiTY
982,ylg56d0ZHj8
983,ZkJsQio7268
984,ZqPCOuAs5c4
985,boZ9yLsmfvc
986,nnOUCyMiqnA
987,msXJVIecGp0
988,GbF_nBLHP6A
989,P46cXxgwfRM
990,mKJFTlqOwC0
991,BeHvOogB1ko
992,3c0Vd5FxPks
993,ocz6wfv3ijc
994,G3LAcDUxBbk
995,eedn5isRJsc
996,Nxkg5LpBTQk
997,xty7rkw1KGQ
998,JiLE4peI1NM
999,bHqLTN_jm1o
1000,pmeRDhP738s
1001,Q1jZ4TI6MF4
1002,mp5lwolO-wM
1003,kFbvThLwtBY
1004,dXLeaB168pU
1005,tJ6OCqDl62w
1006,w5GfmTUHAnM
1007,zZq_XDhU-rc
1008,MDHj4vgKY6Q
1009,8M5fuIuhRHA
1010,Fu634gCo22o
1011,nZ76x13Nm8Q
1012,XLJAWQZqs2g
1013,NkNtqV784uY
1014,BkRZfxznaOo
1015,eW7TtOM8Vds
1016,PdzAL5Uqbe0
1017,ZN0-YCR-Nbs
1018,7TOmdDJc14s
1019,HmwBPO8pxZs
1020,kd0b2yxmS5Y
1021,_yBjL_5bH8E
1022,RuBfc8kfSas
1023,O7W2baUP54k
1024,CRvcm7GKrF0
1025,wKoGImLA2KA
1026,8mUPvdDGoLQ
1027,VLlDaIcb3jE
1028,2hYtMfQ2TnQ
1029,TCHm1h7rBmo
1030,7yPalDu6gx8
1031,fVDu0sF_wSA
1032,YQRzVFvYTOA
1033,pWqC0CvDnZc
1034,PMR0ld5h938
1035,il_0tgCf1lE
1036,Snk7CWv0q-E
1037,FJdqunnFmeQ
1038,zyK13CMNS3w
1039,D9uM_v1q_Ms
1040,xQTqXxYZcz8
1041,HslkJXvqlWs
1042,KZw7jnXA6u4
1043,vOiCGQ-DXX8
1044,8qZZeskl8Fc
1045,2dE_MII6xb0
1046,Qs1Mhd1rBKU
1047,5u1VngVn2wk
1048,WzY29qxoe2s
1049,R0EnI9_ZMA0
1050,KmREMEhj5eE
1051,TKfvcm9Eltk
1052,5JYG-SEdK5w
1053,1k7Po5Ttuiw
1054,uu20xO9AaU4
1055,BeR8AcSu-OU
1056,o9vn4No_ii4
1057,rWlHQnvrZcw
1058,JV0atjBcUv4
1059,XMvznsY02Mk
1060,ThN8IXr0n_k
1061,KOAsLaK4Wzw
1062,sI4utYmh7O4
1063,A1tnVMpWHh8
1064,BeV8eh84tEM
1065,VDYSgjPxu18
1066,xvXbvrUUGMM
1067,Xj1uYKa8rIw
1068,b3C3ODumC24
1069,RH7G-N2pa8M
1070,6D0qGHxhFdg
1071,GaVIa9xtJtA
1072,yZCu9gRlZcA
1073,8v8NxwBBY3o
1074,nx0TSDMX0Dg
1075,CRQJiRW1Z4w
1076,2BWaOMsTgUc
1077,Ab16-T_3w-Q
1078,UdkOaD54u3Q
1079,g805xMnk348
1080,dL6RX4SqHTw
1081,o7mRz_5QODQ
1082,9elJaKK4VRo
1083,nvluJ9yf4ho
1084,bHmlPFmFwIM
1085,leCxPozBeRQ
1086,s3cyTwDino0
1087,0l1SmnvmKMQ
1088,Occ37LcIhio
1089,yVzRdr5AB34
1090,H4lKJKUqnBs
1091,bannMhHR9gI
1092,0-auEHH4GeQ
1093,A5fFxs_DUsQ
1094,6Xj3UUuPBDk
1095,WeppHsxGYw8
1096,4yb16lTxbM8
1097,ex1ygYMNJzU
1098,w7D5YB2U2jU
1099,HueRhv0oOe8
1100,Z7JOtmjuzME
1101,mAoJtlLfrqg
1102,EE_sxiI2DNk
1103,Q6bY3FvBxMk
1104,9Orn0Pwp3YU
1105,sreuidkR4yc
1106,7kZDlUTct9k
1107,Uv0JRm7Odsw
1108,BtDPVc7H1Zs
1109,IZJWI0d0zw8
1110,L95658yXRgI
1111,wKoyRL6MZFs
1112,to9DPVsdByE
1113,rABGi4TYPEo
1114,CPVRG5tLQVc
1115,_tJhMSnhru4
1116,8WTVLa1Xtsk
1117,NjXbU1U7EGc
1118,VcEK7hWn59Q
1119,b2uFL4BFDYg
1120,b-31GW9CAuc
1121,3e12SRayQ68
1122,zZlqRkgNSrg
1123,hm7rTjM1Sac
1124,5nNTafzmX9o
1125,AmdgVatPL9k
1126,AmRjm4Cksmo
1127,XHM26mcqqKg
1128,kSmqv5X2QK4
1129,TMQtQKtT52Q
1130,UbsBH180H34
1131,mjjEPYPCri8
1132,4e_RsZWdiSc
1133,V4F1jJJHQhQ
1134,MI93t7W-aoc
1135,xFZgkj_m1ro
1136,dAFRKdjdjNc
1137,EThkglxLxSM
1138,VIaBbNaYDaU
1139,5zUTc-kge8I
1140,MNgliKze8oI
1141,WuEvCdY3uJU
1142,JZ4XOy192u0
1143,z5tZ0Zb5rJQ
1144,4TN2NBKy_fY
1145,VtDBsy_enkE
1146,0xrhqxTOphI
1147,EKSfTGHZ_ZE
1148,HhrQqmp3hXI
1149,QWMyhFUtFHo
1150,DyTEu08x3o0
1151,1Ws4dPpV2lI
1152,5vzCjvUwMXg
1153,4BWmtZQSedU
1154,XKEBjp1k8cQ
1155,MG6bx1yC4K8
1156,iMoN414EfSQ
1157,TQ2QXlyy_jo
1158,me9CcSXLHHc
1159,TIPnQe2-iPE
1160,y_YxwyYRJek
1161,rYVX-hCAUIo
1162,oQtNbk_ounk
1163,NiHN9GQ-GFQ
1164,RcIsb9iFKH8
1165,YqBVgUh64Ks
1166,f-JvKjEsUjI
1167,n-y-YHVZSwk
1168,2B3Mq3XQV3M
1169,8RK8FDTdLSc
1170,D2YzF4hm9NM
1171,1EBWzbO8lgs
1172,SKMtVSK_Kg0
1173,zHGgSd1wvxY
1174,KJJuO4VwIkI
1175,7DQsQB42sUM
1176,va-nn1JAwj8
1177,KbIdk5BRn0w
1178,0wkd0Ugmxrg
1179,aCCpgHrlWwA
1180,0mUoomwASZY
1181,FH1Ym1KjJNc
1182,KewVXDBmUhw
1183,jgEgMWOwdpU
1184,k4EkJgY9P4c
1185,IeWcvAsz88o
1186,UpqD-7GpoBI
1187,5-xqFjo_jC8
1188,cYc3FjhMMzI
1189,RfxXXJWJ3yU
1190,q7WcUweCTmQ
1191,5NOLuoG6fcQ
1192,yKM_qAXGk7k
1193,tDxnyop48mY
1194,okruEgWGVGU
1195,BrARpMyGFj0
1196,e5RCQi-ZoQo
1197,59vw7NT0kOg
1198,ygWrE1yHkKw
1199,E-1AbN_lEK8
1200,pt1IbV1aSZ4
1201,cWSZ2F2GBLk
1202,dpOTHN0J7Wk
1203,Y7DYhe6efQY
1204,qx8BY9cLlg8
1205,uiZXZZC5TEw
1206,21T5VngB6D8
1207,Rk0mmp3otWs
1208,6fGp_Ko-bIQ
1209,hh3Ew4VHEq4
1210,XQmpvLqXybE
1211,5uJ8jSf-c9g
1212,yb46iD5dJYY
1213,3YoKVswJsKI
1214,X_TK5eFhmuA
1215,c13XxZgUVj0
1216,MshSvgwBmU4
1217,axTQD_Cirnw
1218,bzRp16p48bY
1219,KHc2iiLEDoQ
1220,eEujVn-ZTLE
1221,QRwG9X9l6xI
1222,iLibdCMIua0
1223,bYzIXYqmTDo
1224,tcJtAEoN0Z4
1225,cYU-P4v5qjs
1226,t47umxxqNyA
1227,7FL3_T_cepQ
1228,_QtVAZJiWMA
1229,uzqN2eNrMEk
1230,Ggjxn8Q9VuE
1231,tpP8EQE8DNU
1232,ZIF0c_GFobk
1233,wnrVAhUfIa8
1234,SkIkQD0GKgk
1235,TiJur9PhgxM
1236,xftdnEpZRuA
1237,DLf7ShoD8zs
1238,3qSOwgme56c
1239,nzjMIn_vxnY
1240,AozJ0CR2W4A
1241,j3_NLH8IgEk
1242,1P2LeJwSYWY
1243,dLMsyAdZlN8
1244,VJa5EvDC9Cs
1245,IRcUKuYvg5A
1246,NRZuqzhFb5o
1247,2JDeSsqqpFk
1248,7qANA0ZlzTs
1249,S3Od8CiMTjs
1250,Yo5RDg6qnrE
1251,iPr06356TLY
1252,DGmOKem415s
1253,GCnoGrrGmj8
1254,3Xx9yJ2yTMA
1255,JXkkIREDWfQ
1256,c6giYi0J1Bc
1257,lllypdw4aas
1258,IqQhtPB_n9U
1259,vYs2rZJJUJk
1260,dpjMPtzlGBw
1261,st3ttaG7SrY
1262,zVJz4KjxSdU
1263,1JcBStbAR38
1264,wWL1HdJJkrk
1265,wsAdRXCun64
1266,OlW0gYZSaJw
1267,guTxSmIaRzA
1268,mEHJyIMLHOE
1269,s_DQIoOtYRw
1270,8N5_27GaBxA
1271,TG4ZBjmFgwA
1272,49WGI5wN2Js
1273,cDlSeF3Y0zk
1274,geyUmAgUoPQ
1275,uU74z1JKU0M
1276,wdLCOkCC3k8
1277,tyrioOyfKC8
1278,fmyRqhaqFXA
1279,CSk6sB0c_CM
1280,BfyZxiryA9c
1281,JYftz0E5vpI
1282,TTbj_x3yiLE
1283,WURaFVPwBHQ
1284,vKwInWSh7X8
1285,F9vt8F4kXLQ
1286,haI01OWwFPk
1287,V-PQvKUtSY8
1288,kHWcA4X2anE
1289,ausCt4tDvRs
1290,XaZ4HMPYc74
1291,RAaPv49jkCw
1292,TnJ_bzLfUXk
1293,pv1C0_6k78A
1294,rzfiE0UuZnQ
1295,KkAiNXR42fk
1296,Lum-D1dK4YY
1297,P5DOzTL3O_w
1298,Bw8NmGd33NU
1299,bn3zKuU6gwI
1300,CZFr8wR4xlk
1301,1zyX09Px_rs
1302,neTl7g7dGqI
1303,H0OwP2wj6II
1304,ATyMCebBgPU
1305,0_vyy5oRn-c
1306,HFt_q0wYYLU
1307,oTy2pUILpdQ
1308,4KnTVHALaZ0
1309,TlFC8tAqD9w
1310,Q5tjiPO9P_Y
1311,-6hI-0prvzI
1312,6A5SRl1VwbE
1313,1MDpTdCit9s
1314,5pLNsNKWbsk
1315,4LZc6WtloIc
1316,MdjmTSTQShc
1317,A1DwBOdnVzw
1318,rn6AHdrfg0M
1319,hD-LT4mtv0Q
1320,4fZJfqpnyWg
1321,3hyKQZYe1HY
1322,XejTqsNrSpI
1323,JNeAwX_MOcU
1324,Dhe1Q_N89EE
1325,jdRd5hR9ON8
1326,Lw_PszjKu68
1327,uEYjXpMDJiU
1328,JK9oZfScQgg
1329,jdtfFl2ZoVY
1330,RqqW790vYxU
1331,GQB-SQDzrmU
1332,N5okGLkilqk
1333,LmARY_CaQe0
1334,RffrVlSiML8
1335,QEz3jD8s5M0
1336,7rGZxn-WiLw
1337,rH_w9lcsMlo
1338,yJZ6rmKaIsw
1339,STxEQKu5KiI
1340,qKP7WkQAjjs
1341,_PM6-YwalhA
1342,7LmcYJpbDJY
1343,9purDyHfvrE
1344,5RPDFjU1g84
1345,0SA6X9IZX_o
1346,s6bCU_y-N0Y
1347,FK4a6XrM2P0
1348,3dS85FaH7ys
1349,e7Vvmo_f40A
1350,cCNpZZVslik
1351,wkb09-gEb_M
1352,r71X2nzeRy0
1353,--5rs8QFKOs
1354,vw74bkdzUKw
1355,YjCI-7I7_vI
1356,kBWIRa3fwCY
1357,tEcVJnHRnuI
1358,nBRnWXK0uAA
1359,Siaa-WIfoh8
1360,djEa7knPbnE
1361,g0k1d5BlXR0
1362,CzlZGHAGHbk
1363,RsPzYSq53to
1364,wJgvZYDFecw
1365,OqGdr8G_WA0
1366,DE--2ppsDws
1367,CPAMSiAbKBA
1368,9o2evsmSabI
1369,ht_3qf6r92Q
1370,V3X6uV4Xg34
1371,3dsr3RuYbDg
1372,Uy1cEOzy5rE
1373,M9PftruJiJM
1374,D42jIaoFM1c
1375,Bz36rTn5WEQ
1376,aBB-OPL1XV0
1377,OWfq_JlvJxM
1378,-RrfsIPy4uE
1379,LPfcYm0uPR0
1380,H71KwKVp-iQ
1381,KWPvZ6tpj4E
1382,PH-bK3g2YmU
1383,U5yhJiFRL38
1384,jx9l72NBVC8
1385,xqS31gwunp0
1386,MG5BlkfecdU
1387,V6iY-kan_6E
1388,vKyyexUlit8
1389,g5Kphf1exzg
1390,JWFWbSH2Q_M
1391,7KThZb9G7II
1392,5J9o2Q7MqUQ
1393,V7-PnNDPwVk
1394,2kyctZDPeio
1395,jrq-XSfrisY
1396,EbnofpvSZx4
1397,MN7MgQz0bCI
1398,kP6VKOtpf2M
1399,0vO0XVN3H-s
1400,eKzD-mXrztc
1401,JlRgBWWYOSE
1402,CYMoiJ8d1Us
1403,wRMNQH5tgKw
1404,yvwIZzur-lw
1405,YOi5i-93lgo
1406,HuOuWTeGmEk
1407,yFpkdkibvfg
1408,NwcmnK-91io
1409,dCvEChffnTA
1410,BddB9YsEnW8
1411,XWTb4yup2GA
1412,zYldLxc3x3Q
1413,q-6Tno9MnP0
1414,oWqrMXfQbo0
1415,QBRFsoFqDOU
1416,5EiVwk1rVE0
1417,tq5yTJpSHgU
1418,0Qe58OH5w3A
1419,pHCnEPMsBUY
1420,Zwr5nS7YA0E
1421,Ed8cuL1Ch1U
1422,NrvvTkJT95c
1423,q_yx4U9K7Yg
1424,k3dhvcETsyY
1425,Y1QBsh-_EvQ
1426,uQ_UqM7h5o4
1427,k7pYtQUXVfU
1428,-ahW_C7X8V0
1429,tco2yCjRKWU
1430,pFKHgYdP-Kw
1431,dbDPa9kDEes
1432,WavMGROrKKs
1433,hFF-E9swEr8
1434,qQHDS5kXRdY
1435,36rRIQciNSM
1436,4zvGCilsWL4
1437,uS-2raW5s9g
1438,pNQaBBqLHuc
1439,VjnmgzXMKlM
1440,kbs3SowJozQ
1441,Hf4nVJjtD8k
1442,b0On2gN020k
1443,2UbiwEt_rro
1444,y97AhsHq0Kw
1445,0yah_nXy94s
1446,akCAvlyHN2k
1447,mY1IquoLFhg
1448,8man0ZNx3FU
1449,A620gzL0XPU
1450,_GLjsVdAhGw
1451,fkqeCvFJs_o
1452,J7ls6dqfHeI
1453,-o0p0l2l19I
1454,tmU6KoIuHKs
1455,cPCkELCvxoo
1456,xw-vOQQhUGc
1457,okHL1h5rhNM
1458,cWLUROPLPZc
1459,vEzd6CfQYnA
1460,3gWUH_4ExQ8
1461,NU5Wgj560fs
1462,P89hOqvBhCw
1463,361J5nra5PU
1464,lrYghXs9EEU
1465,y6qpkSS15hw
1466,I0o0olRhLDk
1467,5hMqIdPexVs
1468,a6cdFZwX7kQ
1469,Y49U25-sRo8
1470,0-nM4IoQXsY
1471,Yw0p7tTFAoc
1472,FlJd4R_X32U
1473,CajXXmhIndI
1474,uD0aNALfrTY
1475,fXNCVzGOWj0
1476,TgosKkCCcu4
1477,Xh0HZJ3Gd2c
1478,gDUw1Ux_2Ts
1479,jFYmtmiGcbc
1480,n_Iu3xALsZY
1481,QLNYiW2PBGM
1482,HbMbhxupQts
1483,RcZgnU4hE6c
1484,KlA4eAH2TUk
1485,LUrPIs3EwrQ
1486,kls9-iekmiI
1487,dPaUazOJOBc
1488,M2Q052lF55Y
1489,gdpc4qe9H48
1490,2_Bvi5mz1-k
1491,Xv5UXGhfgMU
1492,h0educ2nosg
1493,-Alpmo-OfJs
1494,-TxHjyC8WY4
1495,9bI_XiSrf4M
1496,55tCJ8Odjvw
1497,8QOjN89wA-Y
1498,aRxZ4jw5YPk
1499,1ZDApgnufSI
1500,i710R2JDZ7c
1501,PeRMCPRpc84
1502,hthd4VwCKlc
1503,9fyTwhM3gBg
1504,051LkC2o8DY
1505,3EtXM5Wlagg
1506,3_RKmeEBl1k
1507,KUTqnWswPV4
1508,2G3eNxk8NvA
1509,4K0vDFyPa2o
1510,WZgcRSWVgpQ
1511,6P0YVDMJIyQ
1512,8kl9GKfu9Bw
1513,TMh91DIR-A0
1514,WyMtk9Ib7_I
1515,q0JBXtZ3ixY
1516,rF8IHAUfMrs
1517,kPZNiVfqz8w
1518,YgHOf01qBG4
1519,R038Q1asI80
1520,qo9S2CeoqQE
1521,EaNlSWOnOjE
1522,0N-DhLQ5pxs
1523,F4uv1ks11Co
1524,RrKmwLBEv-U
1525,_dm5E-TUm9E
1526,gCwOHA7w_UY
1527,BAA8HMrYd34
1528,fi_-dL25cvY
1529,wkx_dq8bCtE
1530,yjcZ6LzeeTg
1531,Daa_Rv1lpiE
1532,7YzVxJNvgSQ
1533,fiaNB-DvW1g
1534,zxkgMfzP1e4
1535,lSKrdopNNks
1536,jOLH1eLjs84
1537,PYMKk4XothI
1538,LyAMUSKBBuo
1539,W5gnVp1NUNU
1540,c8bghFb_WrA
1541,1PRVeeYG8z8
1542,L4TfytB9e9Q
1543,VfzDPJD-nqQ
1544,jF1CgTl6fXc
1545,WIh-TVq4ifI
1546,KWbr7B5LDzs
1547,-XCa8bOzcW0
1548,VnQSXz5xGBk
1549,gm8BipLx4FM
1550,hg790546fEE
1551,txFAuhHELiE
1552,xiVmv75Dug0
1553,moPEFON67sg
1554,WP4bfKbAoPQ
1555,Ph00dbYeGXI
1556,MZz8iaKxaCw
1557,lxBy1jLD9g8
1558,0pp2WvZlJmM
1559,GKIwu6XyqPI
1560,cWo1UjJ5_kQ
1561,01mgc2rrr_o
1562,Fu_pcFKVat0
1563,jhcoCVWyQDs
1564,Ukar_2QDNMY
1565,0quqUtrEWk8
1566,DGWpU4fHNAA
1567,bOnrl832ius
1568,zaC_gAhZ3Ws
1569,AcddZcb5hBc
1570,gn7hpiJDIWc
1571,eGNqA6Xa8RY
1572,WPLDPL2kwuk
1573,Z2bK8GRgPac
1574,VeRWFnbXrPE
1575,dJ5N9YYbRiY
1576,dEEDGDnNcFw
1577,ll2YCdyP77Y
1578,RwWMpBWtCig
1579,I6D-cIHs5xU
1580,e9N-48-jETI
1581,hAr6JVYL4PU
1582,3RjdJBvrMtk
1583,-94XSW55_r8
1584,Jcd91wP6MV4
1585,Vvm2ALw6lHc
1586,AhYJRS17oio
1587,tA_0P-UBX0U
1588,Rkp3sR__rds
1589,h5YdirpB53o
1590,OzBUOev0Xgw
1591,q8MlRLUAgCY
1592,tDjcP6IVyh4
1593,8dpCBlw5wZs
1594,UMhqsoHREOQ
1595,aFZ-0bbSLi8
1596,tt_astMjep0
1597,SxhlwAzkWDw
1598,oMwU4lTAO8g
1599,jp6O9SPf5T0
1600,WOUpjal8ee4
1601,_n9SqA0E8HY
1602,2-TKmwzxtZ8
1603,jvBnoA5sUfA
1604,eqtzsqMiFss
1605,zFORKqC4lKA
1606,ywYMkaoIvYA
1607,WkfoBYV_zX4
1608,PKLvLJcSs8A
1609,4NGi9WzLTFg
1610,n7D5El5-pEU
1611,E-LMhKEwL_w
1612,tQgvbMl3cpw
1613,5W568dNIVPM
1614,1MY9VjQrgho
